956350,There Is No Turning Back!,1.99,1.99,2018-11-02
358080,No Turning Back: The Pixel Art Action-Adventure Roguelike,2.99,2.99,2016-01-15
1472660,No Place Like Home,19.99,19.99,2022-03-17
798460,Ni no Kuni Wrath of the White Witch™ Remastered,49.99,9.99,2019-09-19
806770,NoReload Heroes,7.99,7.99,2018-04-27
1554760,Blessings of No-more,0.99,0.99,2021-03-09
238900,Skyward Collapse: Nihon no Mura,2.99,2.99,2013-08-27
748490,The Legend of Heroes: Trails of Cold Steel II,39.99,39.99,2018-02-14
494430,Praey for the Gods,29.99,29.99,2021-12-14
247020,Cook — Serve — Delicious!,9.99,9.99,2013-10-08
951000,Trap Shrine,9.99,9.99,2019-03-29
504050,Planet Nomads,19.99,19.99,2019-05-03
599160,Skeletal Dance Party,8.99,8.99,2018-10-22
466660,Stash,0.00,0.00,2017-09-07
1655800,System Under Surveillance,15.99,15.99,2022-02-25
1454190,Nominal,4.99,4.99,2021-02-09
